optrew,optER,valrew,valER,testrew,testER,epoch,norm val rew,norm val er,norm test rew,norm test ER,,,,,,,
,,,,,,,,,,,,,,,,,
-0.7133176411,64.3659319196,-1.0119678333,74.9267578125,-1.0158651866,74.7021484375,1,-32.8790171553,-6.8921623124,-37.0916920632,-6.956056338,,,,,,,
-0.8808678306,72.8634207589,-1.0120492756,74.78515625,-1.0161408544,74.7509765625,2,-32.8818800397,-6.8760422457,-37.1025799209,-6.9616901408,,,,,,,
-0.8907317372,73.4995814732,-1.0126154773,75.029296875,-1.0166661009,74.853515625,3,-32.9017833322,-6.9038354641,-37.123325219,-6.9735211268,,,,,,,
-0.8910944061,73.5895647321,-1.0125924692,75,-1.016588264,74.8046875,4,-32.9009745431,-6.9005002779,-37.1202509467,-6.9678873239,,,,,,,
-0.8950146046,73.6390904018,-1.0126765609,74.9169921875,-1.0168757737,74.8681640625,5,-32.9039305609,-6.8910505837,-37.1316065178,-6.9752112676,,,,,,,
-0.897716599,73.7625558036,-1.0127100423,74.8681640625,-1.0169905163,74.8681640625,6,-32.9051075099,-6.88549194,-37.1361384291,-6.9752112676,,,,,,,
-0.8965002177,73.916015625,-1.012291348,75.0048828125,-1.0156934604,74.8291015625,7,-32.8903894402,-6.9010561423,-37.084909513,-6.9707042254,,,,,,,
-0.8966633385,73.7772042411,-1.0125258468,74.9609375,-1.0163696148,74.775390625,8,-32.8986326142,-6.896053363,-37.111615111,-6.9645070423,,,,,,,
-0.8967653451,73.6655970982,-1.0128772117,74.7509765625,-1.0176246211,74.7802734375,9,-32.9109839002,-6.8721511951,-37.1611832238,-6.9650704225,,,,,,,
-0.8976726472,73.7444196429,-1.0125721119,74.9853515625,-1.0165206596,74.755859375,10,-32.9002589399,-6.8988326848,-37.1175808254,-6.9622535211,,,,,,,
-0.8978992609,73.6390904018,-1.0125693671,74.990234375,-1.0165087156,74.7607421875,11,-32.9001624541,-6.8993885492,-37.1171090805,-6.9628169014,,,,,,,
-0.8989676394,73.6467633929,-1.0119453192,74.5947265625,-1.01681538,74.6240234375,12,-32.8782257306,-6.8543635353,-37.1292211914,-6.9470422535,,,,,,,
-0.89605418,73.6593191964,-1.011952769,74.9267578125,-1.0158638373,74.7216796875,13,-32.8784876095,-6.8921623124,-37.0916387708,-6.9583098592,,,,,,,
-0.8926093299,73.6669921875,-1.0113147952,75.0732421875,-1.0135541283,74.7802734375,14,-32.8560613592,-6.9088382435,-37.0004137989,-6.9650704225,,,,,,,
-0.8932019878,73.5818917411,-1.0112385646,75.048828125,-1.0133637488,74.833984375,15,-32.8533816775,-6.9060589216,-36.9928945133,-6.9712676056,,,,,,,
-0.8947612043,73.6872209821,-1.0111369364,75.05859375,-1.0131272517,74.8046875,16,-32.8498092137,-6.9071706504,-36.9835537528,-6.9678873239,,,,,,,
-0.8942679408,73.5993303571,-1.01139846,75.078125,-1.0137500957,74.7705078125,17,-32.8590023698,-6.9093941078,-37.0081537873,-6.963943662,,,,,,,
-0.8913073096,73.4354073661,-1.0125038259,74.7216796875,-1.017507261,74.78515625,18,-32.8978585275,-6.8688160089,-37.1565479353,-6.9656338028,,,,,,,
-0.8927123943,73.2442801339,-1.0118932165,74.560546875,-1.018781136,74.7998046875,19,-32.8763942022,-6.8504724847,-37.2068612879,-6.9673239437,,,,,,,
-0.8969506038,73.1633649554,-1.0117198832,74.619140625,-1.0198825113,74.9560546875,20,-32.8703011379,-6.8571428571,-37.2503615451,-6.9853521127,,,,,,,
-0.893596549,73.0915178571,-1.0101401389,74.541015625,-1.0190194488,74.9853515625,21,-32.8147694843,-6.8482490272,-37.2162737621,-6.9887323944,,,,,,,
-0.8325972967,70.2971540179,-1.0078635797,74.5556640625,-1.0182839192,74.86328125,22,-32.7347431852,-6.8499166203,-37.1872230645,-6.9746478873,,,,,,,
-0.8931364063,72.9352678571,-1.0069951363,74.5458984375,-1.0184667133,74.912109375,23,-32.7042153992,-6.8488048916,-37.1944427533,-6.9802816901,,,,,,,
-0.8899236543,72.7169363839,-1.0048356645,74.5556640625,-1.0176170602,74.8779296875,24,-32.6283049906,-6.8499166203,-37.1608845982,-6.9763380282,,,,,,,
-0.8895387025,72.7811104911,-1.0048196889,74.5751953125,-1.0175654672,74.8974609375,25,-32.6277434138,-6.8521400778,-37.158846864,-6.9785915493,,,,,,,
-0.8881598586,72.7699497768,-1.0043370277,74.58984375,-1.016126956,74.9072265625,26,-32.6107767581,-6.8538076709,-37.1020309889,-6.9797183099,,,,,,,
-0.8864891649,72.6736886161,-1.0004256696,74.1162109375,-1.0127939999,74.384765625,27,-32.4732835102,-6.7998888271,-36.9703915381,-6.9194366197,,,,,,,
-0.8827631418,72.5062779018,-1.0003761396,74.5166015625,-1.0126533061,74.853515625,28,-32.4715424177,-6.8454697054,-36.9648346535,-6.9735211268,,,,,,,
-0.8821006331,72.6409040179,-1.0034407146,74.5751953125,-1.0159939967,74.892578125,29,-32.5792692899,-6.8521400778,-37.0967795864,-6.978028169,,,,,,,
-0.8740833929,72.5404575893,-1.0018235847,74.5556640625,-1.0144799702,74.8046875,30,-32.5224234491,-6.8499166203,-37.0369811337,-6.9678873239,,,,,,,
-0.8555391972,72.1205357143,-1.0032841794,74.5068359375,-1.0153818876,74.736328125,31,-32.5737667168,-6.8443579767,-37.0726035368,-6.96,,,,,,,
-0.741278819,68.2233537946,-0.5308087006,56.259765625,-0.5315420493,56.2109375,32,-15.965165267,-4.7670928293,-17.9627178999,-4.8225352113,,,,,,,
-0.3598723921,37.4846540179,-0.3322170321,33.9453125,-0.3408168128,34.04296875,33,-8.9842106526,-2.2267926626,-10.4297758576,-2.2647887324,,,,,,,
-0.1610805667,21.6371372768,-0.0968057364,22.1044921875,-0.0982755617,22.314453125,34,-0.7089613286,-0.8788215675,-0.8502927232,-0.9115492958,,,,,,,
-0.1652587334,24.3589564732,-0.1626064657,29.6728515625,-0.1622721661,29.70703125,35,-3.0220085387,-1.7404113396,-3.3779221038,-1.7645070423,,,,,,,
-0.1823421608,26.5743582589,-0.1018566601,21.23046875,-0.1017871607,21.3623046875,36,-0.8865129308,-0.7793218455,-0.9889879046,-0.8016901408,,,,,,,
-0.1498197682,25.1283482143,-0.1568130815,22.4853515625,-0.1577236855,22.236328125,37,-2.8183577393,-0.9221789883,-3.1982739305,-0.9025352113,,,,,,,
-0.1174458022,20.1311383929,-0.1284094078,24.5947265625,-0.1286779718,24.658203125,38,-1.8199031797,-1.1623123958,-2.0510755746,-1.181971831,,,,,,,
-0.1176311209,21.1014229911,-0.0908279741,17.9150390625,-0.0968259412,18.515625,39,-0.4988292119,-0.4018899389,-0.7930380688,-0.4732394366,,,,,,,
-0.1016077994,18.7297712054,-0.0616277963,14.208984375,-0.0593838655,13.80859375,40,0.5276242994,0.0200111173,0.6857855584,0.0698591549,,,,,,,
-0.1076828949,18.3830915179,-0.0676651309,15.4052734375,-0.0668893593,15.068359375,41,0.3153980815,-0.1161756531,0.3893462872,-0.0754929577,,,,,,,
-0.1147483486,19.765625,-0.2417145915,33.359375,-0.2421262514,33.4521484375,42,-5.8028413903,-2.1600889383,-6.5318633817,-2.1966197183,,,,,,,
-0.1187935877,21.1746651786,-0.1091774089,25.185546875,-0.1088111665,25.0830078125,43,-1.1438541158,-1.2295719844,-1.2664101791,-1.2309859155,,,,,,,
-0.1408968827,24.5089285714,-0.2312245188,29.873046875,-0.2292502576,30.0390625,44,-5.4340911703,-1.7632017788,-6.0233092109,-1.8028169014,,,,,,,
-0.1569531441,24.7635323661,-0.1705218794,26.5625,-0.1687686485,26.4892578125,45,-3.3002535623,-1.3863257365,-3.634509153,-1.3932394366,,,,,,,
-0.1372438855,21.4313616071,-0.0670947605,16.7138671875,-0.0675685244,16.669921875,46,0.3354479148,-0.2651473041,0.3625217764,-0.2602816901,,,,,,,
-0.1144398198,17.6792689732,-0.0603170567,12.1630859375,-0.0602984329,11.9580078125,47,0.5736998164,0.2529182879,0.6496635273,0.2833802817,,,,,,,
-0.1133794514,17.9143415179,-0.0638376078,15.0927734375,-0.0629825504,14.912109375,48,0.4499443374,-0.0806003335,0.5436508029,-0.0574647887,,,,,,,
-0.103430759,18.4298270089,-0.0638694046,15.78125,-0.064405618,15.8935546875,49,0.4488266068,-0.1589772096,0.4874448915,-0.1707042254,,,,,,,
-0.059739489,13.1131417411,-0.0837091448,15.6884765625,-0.0830875098,15.7177734375,50,-0.2485859653,-0.1484157865,-0.2504207987,-0.1504225352,,,,,,,
-0.0928511416,16.2353515625,-0.0841580602,12.4462890625,-0.0795459111,12.0751953125,51,-0.264366376,0.2206781545,-0.1105407376,0.2698591549,,,,,,,
-0.0841147896,14.4133649554,-0.07742379,17.3779296875,-0.0799306824,18.1005859375,52,-0.0276412631,-0.3407448583,-0.1257377825,-0.4253521127,,,,,,,
-0.0542084262,11.9761439732,-0.033959396,7.63671875,-0.0354725311,8.125,53,1.5002323061,0.7682045581,1.6301949043,0.7256338028,,,,,,,
-0.0387195629,8.0113002232,-0.0570435811,9.8193359375,-0.0538259048,9.365234375,54,0.688770024,0.5197331851,0.905304466,0.5825352113,,,,,,,
-0.0539206142,9.6909877232,-0.0731908153,14.1650390625,-0.0699457607,14.3994140625,55,0.121157546,0.0250138966,0.2686297288,0.0016901408,,,,,,,
-0.0906643596,15.2280970982,-0.1339519939,23.603515625,-0.1316213266,24.140625,56,-2.0147378485,-1.0494719288,-2.1673272105,-1.1222535211,,,,,,,
-0.0757096042,14.2194475446,-0.0492808667,13.134765625,-0.0491369097,12.998046875,57,0.9616473196,0.1423012785,1.0905024457,0.1633802817,,,,,,,
-0.0855717702,15.5866350446,-0.0487442146,13.30078125,-0.049574411,13.330078125,58,0.9805118753,0.1234018899,1.0732227608,0.1250704225,,,,,,,
-0.0836112297,15.5733816964,-0.0655397772,10.46875,-0.0622888875,10.1953125,59,0.3901091612,0.445803224,0.5710479253,0.4867605634,,,,,,,
-0.091829998,15.0725446429,-0.0702028828,14.2431640625,-0.0692351654,13.75,60,0.2261902565,0.0161200667,0.2966956156,0.0766197183,,,,,,,
-0.1199441646,17.9366629464,-0.1164773246,23.505859375,-0.1145346194,23.6865234375,61,-1.4004629684,-1.0383546415,-1.4924654163,-1.0698591549,,,,,,,
-0.1445693326,21.4669363839,-0.1791016312,22.9150390625,-0.1766407562,22.275390625,62,-3.6018516037,-0.9710950528,-3.9454283174,-0.9070422535,,,,,,,
-0.1386863892,18.8413783482,-0.1310479691,25.6884765625,-0.1309547745,25.4345703125,63,-1.9126546867,-1.2868260145,-2.1410008645,-1.2715492958,,,,,,,
-0.1631747964,22.1261160714,-0.1517546168,29.62890625,-0.1491469666,29.1845703125,64,-2.6405410498,-1.7354085603,-2.859525228,-1.7042253521,,,,,,,
-0.1529662254,20.5531529018,-0.1151084264,28.1884765625,-0.1197163486,28.1494140625,65,-1.3523430418,-1.5714285714,-1.6971245726,-1.5847887324,,,,,,,
-0.1659743429,22.5648716518,-0.089498096,21.2890625,-0.0881178636,21.34765625,66,-0.4520809345,-0.7859922179,-0.4491011842,-0.8,,,,,,,
-0.1445221433,18.5295758929,-0.1261282954,30.6787109375,-0.1250021144,30.2197265625,67,-1.7397168239,-1.8549193997,-1.9058927884,-1.8236619718,,,,,,,
-0.1339537287,17.2160993304,-0.0816658352,21.5966796875,-0.0811806916,21.1962890625,68,-0.1767589253,-0.8210116732,-0.1751085263,-0.7825352113,,,,,,,
-0.1306906581,15.9716796875,-0.0874037453,20.6591796875,-0.0873680744,20.2880859375,69,-0.3784596842,-0.7142857143,-0.4194872824,-0.6777464789,,,,,,,
-0.1373531972,16.7494419643,-0.1897221567,31.5966796875,-0.189878159,31.7138671875,70,-3.9751875392,-1.9594219011,-4.4682568098,-1.996056338,,,,,,,
-0.1357074022,17.2614397321,-0.082750831,20.7275390625,-0.0821576956,20.3271484375,71,-0.214899028,-0.7220678155,-0.2136965718,-0.6822535211,,,,,,,
-0.1309592682,15.4171316964,-0.3216635767,34.814453125,-0.3181036336,34.4580078125,72,-8.6132323865,-2.3257365203,-9.5326892153,-2.3126760563,,,,,,,
-0.1210882194,16.5046037946,-0.1359249521,26.23046875,-0.1371118852,26.201171875,73,-2.0840918728,-1.3485269594,-2.3841839852,-1.36,,,,,,,
-0.1310081583,17.4239676339,-0.1025055317,24.443359375,-0.1025939211,23.9404296875,74,-0.9093222631,-1.1450806003,-1.0208519615,-1.0991549296,,,,,,,
-0.1435656208,18.2917131696,-0.0990444172,23.984375,-0.1000208678,24.1650390625,75,-0.7876561154,-1.0928293496,-0.9192258625,-1.1250704225,,,,,,,
-0.1383739518,17.1784319196,-0.1302620907,26.9189453125,-0.1309826599,26.9970703125,76,-1.8850292509,-1.4269038355,-2.1421022377,-1.4518309859,,,,,,,
-0.1459461036,18.2435825893,-0.1861229535,32.4365234375,-0.186435206,32.216796875,77,-3.8486672561,-2.0550305725,-4.3322728906,-2.054084507,,,,,,,
-0.1376503386,17.9652622768,-0.1333635041,27.939453125,-0.1335512425,27.841796875,78,-1.9940510768,-1.5430794886,-2.243551756,-1.5492957746,,,,,,,
-0.1542142188,19.4935825893,-0.5949450348,53.0029296875,-0.5922251798,52.919921875,79,-18.219705153,-4.3963312952,-20.3594773063,-4.4428169014,,,,,,,
-0.144878339,18.5072544643,-0.1658406531,29.814453125,-0.1658056175,29.90234375,80,-3.1356976766,-1.7565314063,-3.5174803784,-1.7870422535,,,,,,,
-0.1500788891,18.5456194196,-0.1092655145,24.5849609375,-0.1103806986,24.6142578125,81,-1.1469512284,-1.161200667,-1.3284008986,-1.1769014085,,,,,,,
-0.1619764997,20.0313895089,-0.1339326428,25.9033203125,-0.1351310144,25.703125,82,-2.0140576123,-1.3112840467,-2.3059469097,-1.3025352113,,,,,,,
-0.1832764058,20.7094029018,-0.1070090096,24.4384765625,-0.1073324209,24.1796875,83,-1.0676298828,-1.144524736,-1.2080051924,-1.1267605634,,,,,,,
-0.1720455005,19.6316964286,-0.0936515279,26.3720703125,-0.094443287,26.2841796875,84,-0.5980836336,-1.3646470261,-0.6989320315,-1.3695774648,,,,,,,
-0.154010064,19.4712611607,-0.08494206,20.966796875,-0.085937893,20.6591796875,85,-0.2919257725,-0.7493051695,-0.3630004017,-0.7205633803,,,,,,,
-0.1619310636,19.2354910714,-0.1222569455,28.4716796875,-0.1251940099,28.92578125,86,-1.6036299571,-1.6036687048,-1.9134719506,-1.6743661972,,,,,,,
-0.1640220846,19.6449497768,-0.0834225813,20.3662109375,-0.0858673571,20.48828125,87,-0.2385125987,-0.6809338521,-0.3602144941,-0.7008450704,,,,,,,
-0.1813572732,20.8572823661,-0.1066523056,25.5078125,-0.109241399,25.7275390625,88,-1.0550909189,-1.2662590328,-1.2834027719,-1.3053521127,,,,,,,
-0.1894920583,21.5876116071,-0.0930283703,23.5888671875,-0.0945782223,23.310546875,89,-0.5761782077,-1.0478043357,-0.7042614781,-1.0264788732,,,,,,,
-0.2150669481,21.9873046875,-0.1148100013,32.861328125,-0.1175628275,32.9443359375,90,-1.3418527124,-2.1033907727,-1.6120684463,-2.138028169,,,,,,,
-0.1970171397,20.9381975446,-0.1043560372,24.6337890625,-0.1049448614,24.62890625,91,-0.9743717925,-1.1667593107,-1.1137054148,-1.1785915493,,,,,,,
-0.1514513606,18.4263392857,-0.0708904107,15.9716796875,-0.0698659359,15.4443359375,92,0.202022069,-0.18065592,0.2717825125,-0.1188732394,,,,,,,
-0.146819166,18.9411272321,-0.1951821851,34.7802734375,-0.1948436802,34.86328125,93,-4.1671201131,-2.3218454697,-4.664376548,-2.3594366197,,,,,,,
-0.1473300676,20.166015625,-0.1106810123,25.5859375,-0.1102728855,25.302734375,94,-1.1967092371,-1.2751528627,-1.3241426771,-1.2563380282,,,,,,,
-0.1529536405,20.3159877232,-0.1899959618,32.5830078125,-0.1906866392,32.9345703125,95,-3.9848124196,-2.0717065036,-4.5001887899,-2.1369014085,,,,,,,
-0.1421902887,18.2142857143,-0.1040481444,25.5810546875,-0.103656668,25.1025390625,96,-0.9635486505,-1.2745969983,-1.062826537,-1.2332394366,,,,,,,
-0.1321441243,16.6482979911,-0.0937260947,22.3876953125,-0.0933961316,21.97265625,97,-0.6007048286,-0.9110617009,-0.6575732647,-0.8721126761,,,,,,,
-0.1219767665,14.9351283482,-0.0938675803,24.00390625,-0.0935788173,23.2568359375,98,-0.6056783732,-1.0950528071,-0.6647886756,-1.0202816901,,,,,,,
-0.1262461596,16.0442243304,-0.1059757859,25.25390625,-0.1055802556,24.755859375,99,-1.0313096929,-1.2373540856,-1.1388011367,-1.1932394366,,,,,,,
-0.1243343481,16.3874162946,-0.0950558891,22.8857421875,-0.0944003235,22.3583984375,100,-0.6474501629,-0.9677598666,-0.6972351323,-0.9166197183,,,,,,,
-0.1215230133,16.2876674107,-0.0902545121,25.05859375,-0.0902199496,24.6533203125,101,-0.4786707011,-1.2151195108,-0.532125813,-1.1814084507,,,,,,,
-0.1326696192,17.2342354911,-0.0774747802,18.8134765625,-0.0775121537,18.69140625,102,-0.0294336874,-0.5041689828,-0.0302148351,-0.4935211268,,,,,,,
-0.1120283764,13.9557756696,-0.0556136002,11.2646484375,-0.0551599338,10.9228515625,103,0.7390371483,0.3551973319,0.8526152523,0.4028169014,,,,,,,
-0.0993419918,13.9090401786,-0.0926594046,20.9765625,-0.0908657996,20.6640625,104,-0.5632082136,-0.7504168983,-0.5576345011,-0.7211267606,,,,,,,
-0.1254563996,15.6236049107,-0.0992917832,23.623046875,-0.0977020185,23.310546875,105,-0.7963515995,-1.0516953863,-0.827639887,-1.0264788732,,,,,,,
-0.1228726062,15.3913225446,-0.0703847852,18.642578125,-0.0699950751,18.6376953125,106,0.2197959686,-0.4847137298,0.2666819898,-0.4873239437,,,,,,,
-0.1238155734,15.6354631696,-0.0795244032,22.6123046875,-0.0785961874,22.01171875,107,-0.101482656,-0.9366314619,-0.0730301595,-0.8766197183,,,,,,,
-0.1237427336,16.3909040179,-0.0551779773,15.205078125,-0.0541313617,14.90234375,108,0.7543502974,-0.093385214,0.8932400481,-0.0563380282,,,,,,,
-0.124811996,17.3570033482,-0.0993290164,23.115234375,-0.0998980663,23.0517578125,109,-0.7976604308,-0.9938854919,-0.9143756573,-0.9966197183,,,,,,,
-0.0983363409,17.2823660714,-0.0629054985,15.0390625,-0.0635287792,14.9462890625,110,0.4827101252,-0.0744858255,0.5220767841,-0.0614084507,,,,,,,
-0.0865245475,15.9709821429,-0.0728268161,16.1474609375,-0.0731843165,15.8544921875,111,0.1339529559,-0.2006670372,0.140718741,-0.1661971831,,,,,,,
-0.0839213195,14.8521205357,-0.0635592772,13.8427734375,-0.0630337224,13.5546875,112,0.4597282973,0.061700945,0.5416296986,0.0991549296,,,,,,,
-0.0880098111,16.3936941964,-0.072033103,18.5693359375,-0.0719166806,18.369140625,113,0.1618538029,-0.4763757643,0.1907856734,-0.4563380282,,,,,,,
-0.0954020586,13.8141741071,-0.056401658,14.3115234375,-0.0577727905,14.423828125,114,0.7113351019,0.0083379655,0.749417067,-0.0011267606,,,,,,,
-0.0889015768,12.3751395089,-0.0465298265,9.794921875,-0.0476566932,9.921875,115,1.0583527174,0.5225125069,1.1489655278,0.5183098592,,,,,,,
-0.085613705,11.9831194196,-0.0420148696,9.111328125,-0.040105086,8.583984375,116,1.2170638543,0.6003335186,1.4472261047,0.6726760563,,,,,,,
-0.0931836141,12.6039341518,-0.0758867912,18.0419921875,-0.0744271602,17.265625,117,0.0263877838,-0.4163424125,0.0916310062,-0.3290140845,,,,,,,
-0.1023721734,14.4545200893,-0.0772557789,15.9130859375,-0.0758814449,15.48828125,118,-0.0217352874,-0.1739855475,0.0341921368,-0.123943662,,,,,,,
-0.1068320499,14.8325892857,-0.0670716663,14.267578125,-0.0665350967,13.759765625,119,0.3362597305,0.0133407449,0.4033383537,0.0754929577,,,,,,,
-0.1145388083,14.6958705357,-0.0827307774,16.826171875,-0.0810712098,16.3720703125,120,-0.2141940957,-0.2779321845,-0.1707843994,-0.225915493,,,,,,,
-0.1168141566,14.7530691964,-0.0752161426,16.62109375,-0.0742072321,16.1865234375,121,0.0499626253,-0.254585881,0.1003173535,-0.2045070423,,,,,,,
-0.1030181482,13.4158761161,-0.0831443455,17.978515625,-0.0820869897,17.7392578125,122,-0.2287319666,-0.4091161757,-0.2109039513,-0.3836619718,,,,,,,
-0.1011630571,13.4089006696,-0.0807622599,16.9384765625,-0.0794845446,16.396484375,123,-0.1449961717,-0.290717065,-0.1081169868,-0.2287323944,,,,,,,
-0.1008966539,13.115234375,-0.0626270227,12.1240234375,-0.0612780521,11.6259765625,124,0.4924991922,0.2573652029,0.6109721865,0.3216901408,,,,,,,
-0.0947662026,12.6011439732,-0.0592436672,12.724609375,-0.0588358462,12.509765625,125,0.6114319308,0.1889938855,0.707430294,0.2197183099,,,,,,,
-0.0932472673,11.923828125,-0.060648104,12.7197265625,-0.0598000013,12.294921875,126,0.5620627406,0.1895497499,0.6693497307,0.2445070423,,,,,,,
-0.0962057974,12.6004464286,-0.0645554895,14.8828125,-0.0643296158,14.8486328125,127,0.4247091406,-0.0566981656,0.490446696,-0.0501408451,,,,,,,
-0.0911851057,12.2384207589,-0.0973408204,21.9677734375,-0.0961644982,21.5576171875,128,-0.7277707615,-0.8632573652,-0.7669135151,-0.8242253521,,,,,,,
-0.0929224057,12.6541573661,-0.0771279964,18.4375,-0.0764938997,18.0126953125,129,-0.017243437,-0.4613674263,0.0100024367,-0.4152112676,,,,,,,
-0.0859218089,12.1979631696,-0.0774965902,19.4189453125,-0.0777513914,19.423828125,130,-0.0302003588,-0.5730961645,-0.0396638392,-0.578028169,,,,,,,
-0.085757142,12.4358258929,-0.0575533407,13.505859375,-0.0572254396,13.349609375,131,0.6708508015,0.1000555864,0.7710354047,0.1228169014,,,,,,,
-0.0817808228,12.0403180804,-0.0539334385,13.5498046875,-0.053979484,13.3203125,132,0.7980987028,0.0950528071,0.8992386546,0.1261971831,,,,,,,
-0.091703185,12.4567522321,-0.0653468038,17.79296875,-0.0664265302,17.6123046875,133,0.3968926188,-0.3879933296,0.4076263295,-0.3690140845,,,,,,,
-0.0809441774,11.4850725446,-0.0696386313,18.5205078125,-0.0714998723,18.5546875,134,0.2460249986,-0.4708171206,0.2072480627,-0.4777464789,,,,,,,
-0.0821254762,11.5590122768,-0.066935679,16.0888671875,-0.0675421827,16.103515625,135,0.3410399956,-0.1939966648,0.3635621786,-0.1949295775,,,,,,,
-0.0812848942,11.0407366071,-0.0581124595,13.740234375,-0.056406105,13.1298828125,136,0.6511964874,0.0733740967,0.8033960927,0.1481690141,,,,,,,
-0.0869507966,11.1258370536,-0.0380623918,7.7734375,-0.0395543677,7.9296875,137,1.3560025546,0.7526403558,1.4689774417,0.7481690141,,,,,,,
-0.0873559342,11.2220982143,-0.0411596249,9.287109375,-0.0426564177,9.4140625,138,1.2471276754,0.5803224013,1.3464579308,0.5769014085,,,,,,,
-0.0894717951,11.4515904018,-0.0934401529,17.59765625,-0.0946468018,17.9833984375,139,-0.5906533147,-0.3657587549,-0.7069701158,-0.4118309859,,,,,,,
-0.0909646381,12.5446428571,-0.0455261579,10.1171875,-0.046496599,10.1220703125,140,1.093633983,0.4858254586,1.1947849604,0.4952112676,,,,,,,
-0.0876836954,12.0207868304,-0.0791051924,20.0048828125,-0.0796662488,19.94140625,141,-0.0867464313,-0.6397998888,-0.1152936312,-0.6377464789,,,,,,,
-0.0857806007,12.2530691964,-0.0451967883,10.0048828125,-0.0447408844,9.7802734375,142,1.1052120827,0.4986103391,1.264129201,0.5346478873,,,,,,,
-0.0835191718,13.4130859375,-0.0564806463,12.1142578125,-0.0563715877,11.9775390625,143,0.7085584793,0.2584769316,0.8047594015,0.2811267606,,,,,,,
-0.0776851813,13.2547433036,-0.0438740057,9.27734375,-0.0441251584,9.0771484375,144,1.1517109381,0.5814341301,1.2884481023,0.6157746479,,,,,,,
-0.0726153238,13.1403459821,-0.0447532886,10.283203125,-0.0456740254,10.3271484375,145,1.1208021163,0.46692607,1.2272735787,0.4715492958,,,,,,,
-0.0672277195,13.2952008929,-0.0398320284,9.8046875,-0.0418386322,10.01953125,146,1.2937957518,0.5214007782,1.3787574381,0.5070422535,,,,,,,
-0.0601690925,11.0874720982,-0.0469667933,7.32421875,-0.0476226052,7.490234375,147,1.0429923296,0.8037798777,1.1503118765,0.7988732394,,,,,,,
-0.0567501157,11.5339006696,-0.0386234954,9.3505859375,-0.0401586274,9.482421875,148,1.3362784681,0.5730961645,1.4451114169,0.5690140845,,,,,,,
-0.0521973694,11.9008091518,-0.0411969314,8.90625,-0.0419689787,9.3603515625,149,1.245816266,0.6236798221,1.3736092326,0.5830985915,,,,,,,
-0.0576418848,11.8708147321,-0.0632044655,13.0859375,-0.0637694023,13.4375,150,0.4722007455,0.1478599222,0.5125730622,0.1126760563,,,,,,,
-0.0513982152,10.3438895089,-0.0326959205,6.4599609375,-0.0333721587,6.689453125,151,1.5446463816,0.902167871,1.7131518555,0.8912676056,,,,,,,
-0.0543326006,9.3136160714,-0.0311649468,5.927734375,-0.032595924,6.0791015625,152,1.5984636349,0.9627570873,1.7438102572,0.9616901408,,,,,,,
-0.0499672089,9.12109375,-0.0225964279,3.96484375,-0.0233867985,4.033203125,153,1.8996668118,1.1862145636,2.1075366828,1.1977464789,,,,,,,
-0.0399963205,7.9952566964,-0.030649983,5.419921875,-0.0313832994,5.60546875,154,1.6165657977,1.0205669817,1.7917044482,1.0163380282,,,,,,,
-0.0476348598,8.6795479911,-0.0416015462,9.2919921875,-0.0420674875,9.3310546875,155,1.231593124,0.579766537,1.3697184988,0.5864788732,,,,,,,
-0.0511168962,9.1678292411,-0.0377660005,11.2158203125,-0.0371533873,10.7080078125,156,1.3664213895,0.3607559755,1.5638072959,0.4276056338,,,,,,,
-0.0520430454,9.5131138393,-0.0345615594,6.9091796875,-0.0349531009,7.0166015625,157,1.4790648764,0.8510283491,1.6507104794,0.8535211268,,,,,,,
-0.0525992282,9.0297154018,-0.0362759153,8.18359375,-0.037339073,8.5546875,158,1.4188013184,0.7059477487,1.5564733961,0.676056338,,,,,,,
-0.0588253318,9.765625,-0.0443689699,11.1767578125,-0.0445572063,11.162109375,159,1.1343118067,0.3652028905,1.271383805,0.3752112676,,,,,,,
-0.0553922457,9.3791852679,-0.0412545767,9.0380859375,-0.0416837476,9.0576171875,160,1.2437898991,0.6086714842,1.3848748066,0.618028169,,,,,,,
-0.0581120559,9.7879464286,-0.0307290506,6.0986328125,-0.0305250784,6.1083984375,161,1.6137863894,0.9433018344,1.8256010037,0.9583098592,,,,,,,
-0.0593784731,9.7091238839,-0.0366447467,8.4521484375,-0.0367133031,8.22265625,162,1.4058360435,0.6753752084,1.5811889978,0.7143661972,,,,,,,
-0.0636448137,10.2308872768,-0.0673468093,13.90625,-0.0684244634,14.0234375,163,0.3265878185,0.0544747082,0.3287153508,0.0450704225,,,,,,,
-0.059635769,9.0080915179,-0.0362768031,6.71875,-0.0370004524,6.806640625,164,1.4187701083,0.8727070595,1.5698476612,0.8777464789,,,,,,,
-0.0520129792,7.9889787946,-0.0540756266,12.3046875,-0.0551876768,12.4365234375,165,0.7931004614,0.2367982212,0.8515195052,0.2281690141,,,,,,,
-0.0511092167,7.6053292411,-0.0407500904,5.830078125,-0.0417859531,6.0791015625,166,1.2615237558,0.9738743747,1.3808380687,0.9616901408,,,,,,,
-0.0552256029,8.1333705357,-0.0587013655,14.19921875,-0.0606560332,14.892578125,167,0.630495085,0.021122846,0.635539636,-0.0552112676,,,,,,,
-0.0550586762,8.4737723214,-0.0512100955,9.5166015625,-0.0523090397,9.755859375,168,0.8938304816,0.554196776,0.965215033,0.5374647887,,,,,,,
-0.0567452123,8.3607700893,-0.0416148148,6.46484375,-0.0424801933,6.6748046875,169,1.2311267022,0.9016120067,1.353418144,0.8929577465,,,,,,,
-0.0564356533,8.3098493304,-0.033591502,5.546875,-0.0348423193,5.7763671875,170,1.5131646293,1.0061145081,1.6550859427,0.9966197183,,,,,,,
-0.0574766739,8.7569754464,-0.0293091538,5.4443359375,-0.0282449664,5.3173828125,171,1.6636990326,1.0177876598,1.9156570026,1.0495774648,,,,,,,
-0.05876783,8.96484375,-0.0428211631,8.5986328125,-0.0441050928,8.759765625,172,1.1887207809,0.6586992774,1.2892406203,0.6523943662,,,,,,,
-0.0550210397,8.0426897321,-0.1027912216,16.2255859375,-0.1053820309,16.8310546875,173,-0.9193649214,-0.2095608671,-1.1309719954,-0.2788732394,,,,,,,
-0.0545053406,8.0196707589,-0.0554935914,8.291015625,-0.0533310455,8.1201171875,174,0.7432557335,0.6937187326,0.9248495823,0.7261971831,,,,,,,
-0.0537620756,8.5100446429,-0.0430280964,6.5771484375,-0.0431535466,6.435546875,175,1.1814465963,0.8888271262,1.3268231761,0.9205633803,,,,,,,
-0.0473085281,7.6081194196,-0.0208878679,3.6669921875,-0.020089321,3.408203125,176,1.9597266289,1.2201222902,2.2377748566,1.2698591549,,,,,,,
-0.0274117752,5.7017299107,-0.0149558566,2.5341796875,-0.0153166612,2.67578125,177,2.168250493,1.3490828238,2.4262772814,1.3543661972,,,,,,,
-0.029134228,5.8851841518,-0.0251991432,4.2333984375,-0.0256666718,4.39453125,178,1.8081753739,1.1556420233,2.0174901102,1.156056338,,,,,,,
-0.0351827569,7.9499162946,-0.0289665384,7.2998046875,-0.0281792762,7.2705078125,179,1.6757427512,0.8065591996,1.9182515226,0.8242253521,,,,,,,
-0.0374981542,8.9948381696,-0.1273076494,20.5224609375,-0.1281808642,20.263671875,180,-1.7811738332,-0.698721512,-2.0314416585,-0.6749295775,,,,,,,
-0.0423692735,9.6030970982,-0.0405059636,12.4951171875,-0.0398410878,12.1484375,181,1.270105375,0.2151195108,1.4576530587,0.2614084507,,,,,,,
-0.0369803843,8.4674944196,-0.0292947088,4.8486328125,-0.0304611177,4.794921875,182,1.664206808,1.0856031128,1.8281272167,1.1098591549,,,,,,,
-0.0384114848,8.5023716518,-0.0208555738,5.09765625,-0.0212709605,5.2978515625,183,1.9608618429,1.05725403,2.1911044658,1.0518309859,,,,,,,
-0.0369270884,7.6506696429,-0.0247044221,5.302734375,-0.0242536091,5.3125,184,1.8255659602,1.0339077265,2.0733008652,1.0501408451,,,,,,,
-0.0431692475,8.2289341518,-0.0177655786,4.00390625,-0.017580251,4.1064453125,185,2.0694822907,1.1817676487,2.336873851,1.1892957746,,,,,,,
-0.0380277098,7.7839006696,-0.0157305743,2.7197265625,-0.0154184692,2.666015625,186,2.1410173803,1.3279599778,2.4222562423,1.3554929577,,,,,,,
-0.0321137502,6.8477957589,-0.0205481252,2.4658203125,-0.0183449377,2.412109375,187,1.9716693676,1.356864925,2.3066715514,1.3847887324,,,,,,,
-0.0325632347,6.4453125,-0.0263869349,6.3037109375,-0.0256947962,5.8544921875,188,1.7664217567,0.9199555309,2.016379302,0.9876056338,,,,,,,
-0.0340302193,6.5597098214,-0.0163357252,2.9296875,-0.016143582,2.8857421875,189,2.1197449315,1.3040578099,2.3936169673,1.3301408451,,,,,,,
-0.0386228033,7.8696986607,-0.0315039483,8.26171875,-0.0312489338,7.91015625,190,1.5865469493,0.6970539188,1.797011391,0.7504225352,,,,,,,
-0.0423754646,7.6939174107,-0.0304735137,4.5068359375,-0.0309561157,4.6044921875,191,1.6227690999,1.1245136187,1.8085766219,1.1318309859,,,,,,,
-0.0401320433,7.5055803571,-0.0352525206,10.2978515625,-0.0358798138,10.48828125,192,1.4547759982,0.4652584769,1.6141087443,0.4529577465,,,,,,,
-0.0359456416,7.5802176339,-0.0319986883,4.7607421875,-0.0306335392,4.70703125,193,1.5691556996,1.0956086715,1.8213172047,1.12,,,,,,,
-0.0323349255,7.2063337054,-0.0263491995,6.23046875,-0.0261220888,6.1572265625,194,1.7677482437,0.9282934964,1.9995028246,0.9526760563,,,,,,,
-0.0331130695,7.5641741071,-0.0280248182,8.310546875,-0.027554672,7.9736328125,195,1.7088463866,0.6914952752,1.9429210821,0.7430985915,,,,,,,
-0.0343488612,7.3270089286,-0.0151403385,2.2314453125,-0.0147516532,2.1875,196,2.1617655278,1.3835464147,2.4485930114,1.4107042254,,,,,,,
-0.0388845344,7.9792131696,-0.0176871382,3.1005859375,-0.0178586464,3.271484375,197,2.072239651,1.284602557,2.3258782623,1.2856338028,,,,,,,
-0.0341672598,7.2419084821,-0.0209923817,4.0771484375,-0.0210586479,4.21875,198,1.956052731,1.1734296832,2.1994900254,1.1763380282,,,,,,,
-0.0323180301,6.8882533482,-0.0276424995,5.185546875,-0.026462783,5.322265625,199,1.7222857704,1.0472484714,1.9860466595,1.0490140845,,,,,,,
-0.0356480216,6.8422154018,-0.0154229825,1.494140625,-0.015705658,1.6064453125,200,2.1518299417,1.4674819344,2.4109133465,1.4777464789,,,,,,,
-0.0370982818,6.5325055804,-0.0171206839,4.12109375,-0.0171471276,4.12109375,201,2.0921518275,1.1684269038,2.3539806249,1.1876056338,,,,,,,
-0.0328104158,6.5869140625,-0.0142165841,2.451171875,-0.0136935025,2.333984375,202,2.1942376234,1.3585325181,2.4903860531,1.3938028169,,,,,,,
-0.0394033935,6.8526785714,-0.0148096658,1.89453125,-0.0151569171,1.8505859375,203,2.1733894371,1.4219010561,2.432586584,1.4495774648,,,,,,,
-0.0378048805,6.4739118304,-0.0097537743,0.68359375,-0.009737459,0.6494140625,204,2.351115668,1.5597554197,2.6466351511,1.5881690141,,,,,,,
-0.0384844079,6.6566685268,-0.0230047392,3.681640625,-0.0234033492,3.6962890625,205,1.8853137281,1.2184546971,2.1068829905,1.2366197183,,,,,,,
-0.0327162923,6.1893136161,-0.0220417195,3.1884765625,-0.0226813336,3.30078125,206,1.9191660875,1.2745969983,2.1353999396,1.2822535211,,,,,,,
-0.0311056573,5.9926060268,-0.0189480889,3.0078125,-0.0195416994,3.0615234375,207,2.0279143304,1.29516398,2.2594038883,1.3098591549,,,,,,,
-0.0270856395,5.5322265625,-0.0079070996,0.83984375,-0.0078672475,0.7568359375,208,2.4160305391,1.5419677599,2.7205015974,1.5757746479,,,,,,,
-0.0281529647,5.7777622768,-0.0077160086,0.546875,-0.0075358977,0.4443359375,209,2.422747826,1.575319622,2.7335886877,1.6118309859,,,,,,,
-0.0299492666,5.7819475446,-0.014060954,1.630859375,-0.0142354328,1.484375,210,2.1997083814,1.4519177321,2.4689818102,1.4918309859,,,,,,,
-0.0321533842,5.7952008929,-0.0145583873,2.0361328125,-0.0147407525,2.0654296875,211,2.1822224537,1.4057809894,2.4490235479,1.4247887324,,,,,,,
-0.0302415386,5.8091517857,-0.0141964975,2.9541015625,-0.0142182971,2.890625,212,2.1949437131,1.301278488,2.4696586043,1.3295774648,,,,,,,
-0.0309036957,6.0498046875,-0.0097908986,1.2744140625,-0.0094424464,1.064453125,213,2.3498106626,1.492495831,2.6582870591,1.5402816901,,,,,,,
-0.0339250606,6.4753069196,-0.0103351592,0.9423828125,-0.0100876845,0.810546875,214,2.33067865,1.5302946081,2.632802541,1.5695774648,,,,,,,
-0.0325697959,6.1774553571,-0.0077034288,0.498046875,-0.0076307749,0.5126953125,215,2.4231900369,1.5808782657,2.72984139,1.603943662,,,,,,,
-0.0329329481,6.3065011161,-0.0143597127,2.7783203125,-0.0149190399,2.7685546875,216,2.1892063247,1.3212896053,2.4419818535,1.3436619718,,,,,,,
-0.0326085936,6.0288783482,-0.0334998924,7.3681640625,-0.0335362735,7.3291015625,217,1.5163849167,0.7987770984,1.7066699237,0.8174647887,,,,,,,
-0.0338942899,6.3483537946,-0.0105001666,0.947265625,-0.0102070283,0.771484375,218,2.3248782587,1.5297387437,2.6280889005,1.574084507,,,,,,,
-0.0330267082,5.9123883929,-0.0099498199,0.95703125,-0.0101803161,0.91796875,219,2.344224215,1.528627015,2.629143935,1.5571830986,,,,,,,
-0.0321744819,5.9619140625,-0.0104646763,1.2255859375,-0.010374926,1.0498046875,220,2.3261258259,1.4980544747,2.6214575621,1.541971831,,,,,,,
-0.0378036624,6.5297154018,-0.0115612138,1.064453125,-0.0114685217,0.9228515625,221,2.2875800054,1.5163979989,2.5782645719,1.5566197183,,,,,,,
-0.0341887198,6.0811941964,-0.0287728415,6.7333984375,-0.0285921623,6.7333984375,222,1.6825516434,0.8710394664,1.9019440465,0.8861971831,,,,,,,
-0.0324144537,5.9681919643,-0.0326862967,8.4814453125,-0.0324995423,8.4716796875,223,1.5449846787,0.6720400222,1.7476169777,0.6856338028,,,,,,,
-0.0319490719,6.2590680804,-0.0170985819,3.9013671875,-0.0178646364,3.994140625,224,2.0929287619,1.1934408004,2.3256416763,1.2022535211,,,,,,,
-0.0299257878,5.9905133929,-0.0108286527,1.650390625,-0.0109942658,1.5966796875,225,2.3133312154,1.4496942746,2.5969959299,1.4788732394,,,,,,,
-0.0296753548,5.9619140625,-0.0159667181,3.3740234375,-0.0160417149,3.3642578125,226,2.1327163825,1.2534741523,2.3976403412,1.2749295775,,,,,,,
-0.0267557906,5.5266462054,-0.0102866042,1.2646484375,-0.0100129272,1.0791015625,227,2.3323854694,1.4936075598,2.6357551782,1.5385915493,,,,,,,
-0.0260268833,5.1534598214,-0.0141492484,2.83203125,-0.0142753359,2.939453125,228,2.1966046294,1.3151750973,2.4674057858,1.323943662,,,,,,,
-0.026090848,5.1109095982,-0.0278001108,7.451171875,-0.0285216838,7.3681640625,229,1.7167453683,0.7893274041,1.9047276877,0.8129577465,,,,,,,
-0.0297696281,5.5203683036,-0.0119273766,2.1923828125,-0.011911944,2.158203125,230,2.2747085399,1.3879933296,2.5607510325,1.414084507,,,,,,,
-0.0254034986,4.9762834821,-0.0096789384,1.4990234375,-0.0094107971,1.376953125,231,2.3537463228,1.46692607,2.6595370885,1.5042253521,,,,,,,
-0.0262756256,5.0160435268,-0.0073677596,0.654296875,-0.0071308942,0.5615234375,232,2.4349895831,1.5630906059,2.7495848289,1.5983098592,,,,,,,
-0.0272674959,4.8549107143,-0.0070882628,0.400390625,-0.0072219998,0.4443359375,233,2.4448145391,1.5919955531,2.7459864939,1.6118309859,,,,,,,
-0.0258463618,4.62890625,-0.0089061427,0.791015625,-0.0088751062,0.625,234,2.380911873,1.5475264036,2.6806949016,1.5909859155,,,,,,,
-0.0253874876,4.6784319196,-0.0269377174,6.142578125,-0.0281975716,6.396484375,235,1.7470604861,0.938299055,1.9175289237,0.9250704225,,,,,,,
-0.0250077928,4.5912388393,-0.00808711,0.859375,-0.0082327077,0.8837890625,236,2.4097027582,1.5397443024,2.7060672694,1.5611267606,,,,,,,
-0.0243411351,4.5975167411,-0.0085724023,0.8251953125,-0.0087849118,0.8740234375,237,2.392643615,1.543635353,2.6842572485,1.5622535211,,,,,,,
-0.0238110032,4.5486886161,-0.0073814482,0.859375,-0.007391974,0.8984375,238,2.4345083963,1.5397443024,2.7392731426,1.5594366197,,,,,,,
-0.0247277979,4.4656808036,-0.0099514579,1.5283203125,-0.0098564242,1.4111328125,239,2.3441666345,1.4635908838,2.6419364685,1.5002816901,,,,,,,
-0.0230658626,4.1761997768,-0.0133338504,2.9052734375,-0.0139792938,2.9052734375,240,2.225267745,1.3068371317,2.4790983537,1.3278873239,,,,,,,
-0.0269862577,4.5926339286,-0.006662027,0.732421875,-0.0067598043,0.8154296875,241,2.4597977074,1.554196776,2.7642415093,1.5690140845,,,,,,,
-0.0238537887,4.2724609375,-0.0078965111,1.3720703125,-0.0078317433,1.38671875,242,2.416402748,1.4813785436,2.7219038793,1.5030985915,,,,,,,
-0.0216215361,4.0199497768,-0.0071672045,0.6591796875,-0.0069742465,0.5517578125,243,2.4420395562,1.5625347415,2.7557718354,1.5994366197,,,,,,,
-0.0231217045,3.9090401786,-0.0087919219,1.4599609375,-0.0087575855,1.4501953125,244,2.3849269964,1.471372985,2.6853365344,1.4957746479,,,,,,,
-0.0213689437,3.75,-0.0096506765,1.5478515625,-0.0100027336,1.689453125,245,2.3547397952,1.4613674263,2.6361577875,1.4681690141,,,,,,,
-0.0228908771,3.701171875,-0.0067575252,0.517578125,-0.006868472,0.537109375,246,2.4564407253,1.5786548082,2.7599495388,1.6011267606,,,,,,,
-0.0771853034,10.4289899554,-0.0565459404,12.7880859375,-0.0593921102,12.734375,247,0.7062632431,0.1817676487,0.6854599243,0.1938028169,,,,,,,
-0.0357624758,7.6123046875,-0.0390610922,10.087890625,-0.0390760356,10.1611328125,248,1.3208959338,0.4891606448,1.4878697954,0.4907042254,,,,,,,
-0.026382676,5.6912667411,-0.0324791893,7.6123046875,-0.0319523895,7.4560546875,249,1.5522649832,0.7709838799,1.7692274915,0.8028169014,,,,,,,
-0.0217563952,4.5598493304,-0.0247114139,5.5908203125,-0.0238163088,5.322265625,250,1.8253201803,1.0011117287,2.0905726131,1.0490140845,,,,,,,
